,Customer_id,Name,email,membership_age,revenue,Preferred_film_languages,preferred_film_category,city,preferred_film_year
0,1,MARY SMITH,MARY.SMITH@sakilacustomer.org,0,118.67999999999992,English,,463,00s
1,2,PATRICIA JOHNSON,PATRICIA.JOHNSON@sakilacustomer.org,0,128.72999999999993,English,,449,00s
2,3,LINDA WILLIAMS,LINDA.WILLIAMS@sakilacustomer.org,0,135.73999999999998,English,,38,00s
3,4,BARBARA JONES,BARBARA.JONES@sakilacustomer.org,0,81.78,English,,349,00s
4,5,ELIZABETH BROWN,ELIZABETH.BROWN@sakilacustomer.org,0,144.61999999999998,English,,361,00s
5,6,JENNIFER DAVIS,JENNIFER.DAVIS@sakilacustomer.org,0,93.71999999999998,English,,295,00s
6,7,MARIA MILLER,MARIA.MILLER@sakilacustomer.org,0,151.67,English,,280,00s
7,8,SUSAN WILSON,SUSAN.WILSON@sakilacustomer.org,0,92.75999999999999,English,,200,00s
8,9,MARGARET MOORE,MARGARET.MOORE@sakilacustomer.org,0,89.76999999999998,English,,329,00s
9,10,DOROTHY TAYLOR,DOROTHY.TAYLOR@sakilacustomer.org,0,99.74999999999997,English,,162,00s
10,11,LISA ANDERSON,LISA.ANDERSON@sakilacustomer.org,0,106.75999999999996,English,,440,00s
11,12,NANCY THOMAS,NANCY.THOMAS@sakilacustomer.org,0,103.71999999999998,English,,582,00s
12,13,KAREN JACKSON,KAREN.JACKSON@sakilacustomer.org,0,131.72999999999996,English,,384,00s
13,14,BETTY WHITE,BETTY.WHITE@sakilacustomer.org,0,117.71999999999994,English,,120,00s
14,15,HELEN HARRIS,HELEN.HARRIS@sakilacustomer.org,0,134.67999999999995,English,,76,00s
15,16,SANDRA MARTIN,SANDRA.MARTIN@sakilacustomer.org,0,120.70999999999995,English,,495,00s
16,17,DONNA THOMPSON,DONNA.THOMPSON@sakilacustomer.org,0,98.78999999999998,English,,156,00s
17,18,CAROL GARCIA,CAROL.GARCIA@sakilacustomer.org,0,91.77999999999999,English,,252,00s
18,19,RUTH MARTINEZ,RUTH.MARTINEZ@sakilacustomer.org,0,125.75999999999998,English,,267,00s
19,20,SHARON ROBINSON,SHARON.ROBINSON@sakilacustomer.org,0,115.69999999999995,English,,327,00s
20,21,MICHELLE CLARK,MICHELLE.CLARK@sakilacustomer.org,0,155.65,English,,525,00s
21,22,LAURA RODRIGUEZ,LAURA.RODRIGUEZ@sakilacustomer.org,0,113.77999999999999,English,,443,00s
22,23,SARAH LEWIS,SARAH.LEWIS@sakilacustomer.org,0,119.69999999999996,English,,303,00s
23,24,KIMBERLY LEE,KIMBERLY.LEE@sakilacustomer.org,0,95.74999999999999,English,,128,00s
24,25,DEBORAH WALKER,DEBORAH.WALKER@sakilacustomer.org,0,115.70999999999995,English,,472,00s
25,26,JESSICA HALL,JESSICA.HALL@sakilacustomer.org,0,152.65999999999997,English,,121,00s
26,27,SHIRLEY ALLEN,SHIRLEY.ALLEN@sakilacustomer.org,0,126.68999999999996,English,,138,00s
27,28,CYNTHIA YOUNG,CYNTHIA.YOUNG@sakilacustomer.org,0,111.67999999999995,English,,346,00s
28,29,ANGELA HERNANDEZ,ANGELA.HERNANDEZ@sakilacustomer.org,0,140.63999999999996,English,,474,00s
29,30,MELISSA KING,MELISSA.KING@sakilacustomer.org,0,123.65999999999993,English,,316,00s
30,31,BRENDA WRIGHT,BRENDA.WRIGHT@sakilacustomer.org,0,104.73999999999997,English,,257,00s
31,32,AMY LOPEZ,AMY.LOPEZ@sakilacustomer.org,0,127.70999999999995,English,,239,00s
32,33,ANNA HILL,ANNA.HILL@sakilacustomer.org,0,91.78999999999998,English,,17,00s
33,34,REBECCA SCOTT,REBECCA.SCOTT@sakilacustomer.org,0,89.76,English,,284,00s
34,35,VIRGINIA GREEN,VIRGINIA.GREEN@sakilacustomer.org,0,129.67999999999995,English,,544,00s
35,36,KATHLEEN ADAMS,KATHLEEN.ADAMS@sakilacustomer.org,0,92.72999999999999,English,,31,00s
36,37,PAMELA BAKER,PAMELA.BAKER@sakilacustomer.org,0,95.76999999999997,English,,362,00s
37,38,MARTHA GONZALEZ,MARTHA.GONZALEZ@sakilacustomer.org,0,127.65999999999993,English,,115,00s
38,39,DEBRA NELSON,DEBRA.NELSON@sakilacustomer.org,0,141.70999999999995,English,,569,00s
39,40,AMANDA CARTER,AMANDA.CARTER@sakilacustomer.org,0,110.72999999999996,English,,353,00s
40,41,STEPHANIE MITCHELL,STEPHANIE.MITCHELL@sakilacustomer.org,0,118.74999999999996,English,,586,00s
41,42,CAROLYN PEREZ,CAROLYN.PEREZ@sakilacustomer.org,0,117.69999999999997,English,,394,00s
42,43,CHRISTINE ROBERTS,CHRISTINE.ROBERTS@sakilacustomer.org,0,99.75999999999999,English,,167,00s
43,44,MARIE TURNER,MARIE.TURNER@sakilacustomer.org,0,114.73999999999995,English,,308,00s
44,45,JANET PHILLIPS,JANET.PHILLIPS@sakilacustomer.org,0,127.72999999999996,English,,27,00s
45,46,CATHERINE CAMPBELL,CATHERINE.CAMPBELL@sakilacustomer.org,0,142.65999999999997,English,,343,00s
46,47,FRANCES PARKER,FRANCES.PARKER@sakilacustomer.org,0,108.77999999999997,English,,247,00s
47,48,ANN EVANS,ANN.EVANS@sakilacustomer.org,0,76.82999999999998,English,,367,00s
48,49,JOYCE EDWARDS,JOYCE.EDWARDS@sakilacustomer.org,0,130.71999999999994,English,,237,00s
49,50,DIANE COLLINS,DIANE.COLLINS@sakilacustomer.org,0,169.65,English,,379,00s
50,51,ALICE STEWART,ALICE.STEWART@sakilacustomer.org,0,138.66999999999993,English,,171,00s
51,52,JULIE SANCHEZ,JULIE.SANCHEZ@sakilacustomer.org,0,107.70999999999997,English,,1,00s
52,53,HEATHER MORRIS,HEATHER.MORRIS@sakilacustomer.org,0,115.69999999999997,English,,355,00s
53,54,TERESA ROGERS,TERESA.ROGERS@sakilacustomer.org,0,128.70999999999995,English,,227,00s
54,55,DORIS REED,DORIS.REED@sakilacustomer.org,0,100.77999999999997,English,,49,00s
55,56,GLORIA COOK,GLORIA.COOK@sakilacustomer.org,0,135.69999999999996,English,,397,00s
56,57,EVELYN MORGAN,EVELYN.MORGAN@sakilacustomer.org,0,114.71999999999994,English,,560,00s
57,58,JEAN BELL,JEAN.BELL@sakilacustomer.org,0,115.72999999999996,English,,282,00s
58,59,CHERYL MURPHY,CHERYL.MURPHY@sakilacustomer.org,0,133.72999999999996,English,,350,00s
59,60,MILDRED BAILEY,MILDRED.BAILEY@sakilacustomer.org,0,98.75,English,,231,00s
60,61,KATHERINE RIVERA,KATHERINE.RIVERA@sakilacustomer.org,0,58.86000000000002,English,,56,00s
61,62,JOAN COOPER,JOAN.COOPER@sakilacustomer.org,0,84.76999999999998,English,,441,00s
62,63,ASHLEY RICHARDSON,ASHLEY.RICHARDSON@sakilacustomer.org,0,112.74999999999996,English,,306,00s
63,64,JUDITH COX,JUDITH.COX@sakilacustomer.org,0,100.66999999999997,English,,139,00s
64,65,ROSE HOWARD,ROSE.HOWARD@sakilacustomer.org,0,103.77999999999999,English,,105,00s
65,66,JANICE WARD,JANICE.WARD@sakilacustomer.org,0,144.65999999999997,English,,321,00s
66,67,KELLY TORRES,KELLY.TORRES@sakilacustomer.org,0,99.77999999999997,English,,579,00s
67,68,NICOLE PETERSON,NICOLE.PETERSON@sakilacustomer.org,0,94.77999999999997,English,,475,00s
68,69,JUDY GRAY,JUDY.GRAY@sakilacustomer.org,0,96.74999999999997,English,,63,00s
69,70,CHRISTINA RAMIREZ,CHRISTINA.RAMIREZ@sakilacustomer.org,0,80.82,English,,13,00s
70,71,KATHY JAMES,KATHY.JAMES@sakilacustomer.org,0,129.69999999999996,English,,61,00s
71,72,THERESA WATSON,THERESA.WATSON@sakilacustomer.org,0,99.69999999999995,English,,517,00s
72,73,BEVERLY BROOKS,BEVERLY.BROOKS@sakilacustomer.org,0,97.75999999999998,English,,114,00s
73,74,DENISE KELLY,DENISE.KELLY@sakilacustomer.org,0,103.72999999999996,English,,431,00s
74,75,TAMMY SANDERS,TAMMY.SANDERS@sakilacustomer.org,0,155.59,English,,108,00s
75,76,IRENE PRICE,IRENE.PRICE@sakilacustomer.org,0,77.77000000000001,English,,402,00s
76,77,JANE BENNETT,JANE.BENNETT@sakilacustomer.org,0,100.72,English,,30,00s
77,78,LORI WOOD,LORI.WOOD@sakilacustomer.org,0,141.68999999999997,English,,425,00s
78,79,RACHEL BARNES,RACHEL.BARNES@sakilacustomer.org,0,84.77999999999999,English,,256,00s
79,80,MARILYN ROSS,MARILYN.ROSS@sakilacustomer.org,0,137.69999999999996,English,,217,00s
80,81,ANDREA HENDERSON,ANDREA.HENDERSON@sakilacustomer.org,0,93.77999999999999,English,,319,00s
81,82,KATHRYN COLEMAN,KATHRYN.COLEMAN@sakilacustomer.org,0,130.73999999999995,English,,479,00s
82,83,LOUISE JENKINS,LOUISE.JENKINS@sakilacustomer.org,0,101.74999999999999,English,,497,00s
83,84,SARA PERRY,SARA.PERRY@sakilacustomer.org,0,141.66999999999996,English,,40,00s
84,85,ANNE POWELL,ANNE.POWELL@sakilacustomer.org,0,87.76999999999998,English,,88,00s
85,86,JACQUELINE LONG,JACQUELINE.LONG@sakilacustomer.org,0,148.67,English,,489,00s
86,87,WANDA PATTERSON,WANDA.PATTERSON@sakilacustomer.org,0,145.7,English,,480,00s
87,88,BONNIE HUGHES,BONNIE.HUGHES@sakilacustomer.org,0,87.78999999999999,English,,113,00s
88,89,JULIA FLORES,JULIA.FLORES@sakilacustomer.org,0,134.67999999999995,English,,289,00s
89,90,RUBY WASHINGTON,RUBY.WASHINGTON@sakilacustomer.org,0,110.71999999999994,English,,332,00s
90,91,LOIS BUTLER,LOIS.BUTLER@sakilacustomer.org,0,113.64999999999995,English,,53,00s
91,92,TINA SIMMONS,TINA.SIMMONS@sakilacustomer.org,0,133.71999999999994,English,,183,00s
92,93,PHYLLIS FOSTER,PHYLLIS.FOSTER@sakilacustomer.org,0,91.76999999999998,English,,592,00s
93,94,NORMA GONZALES,NORMA.GONZALES@sakilacustomer.org,0,79.78999999999999,English,,82,00s
94,95,PAULA BRYANT,PAULA.BRYANT@sakilacustomer.org,0,77.82000000000001,English,,399,00s
95,96,DIANA ALEXANDER,DIANA.ALEXANDER@sakilacustomer.org,0,105.72999999999998,English,,41,00s
96,97,ANNIE RUSSELL,ANNIE.RUSSELL@sakilacustomer.org,0,58.82000000000002,English,,534,00s
97,98,LILLIAN GRIFFIN,LILLIAN.GRIFFIN@sakilacustomer.org,0,106.74999999999996,English,,12,00s
98,99,EMILY DIAZ,EMILY.DIAZ@sakilacustomer.org,0,91.75999999999998,English,,268,00s
99,100,ROBIN HAYES,ROBIN.HAYES@sakilacustomer.org,0,102.75999999999995,English,,238,00s
100,101,PEGGY MYERS,PEGGY.MYERS@sakilacustomer.org,0,96.75999999999996,English,,2,00s
101,102,CRYSTAL FORD,CRYSTAL.FORD@sakilacustomer.org,0,137.66999999999996,English,,34,00s
102,103,GLADYS HAMILTON,GLADYS.HAMILTON@sakilacustomer.org,0,146.68999999999997,English,,220,00s
103,104,RITA GRAHAM,RITA.GRAHAM@sakilacustomer.org,0,92.75999999999998,English,,543,00s
104,105,DAWN SULLIVAN,DAWN.SULLIVAN@sakilacustomer.org,0,120.73999999999995,English,,173,00s
105,106,CONNIE WALLACE,CONNIE.WALLACE@sakilacustomer.org,0,100.76999999999997,English,,225,00s
106,107,FLORENCE WOODS,FLORENCE.WOODS@sakilacustomer.org,0,126.69999999999996,English,,334,00s
107,108,TRACY COLE,TRACY.COLE@sakilacustomer.org,0,132.69999999999996,English,,213,00s
108,109,EDNA WEST,EDNA.WEST@sakilacustomer.org,0,107.73999999999997,English,,273,00s
109,110,TIFFANY JORDAN,TIFFANY.JORDAN@sakilacustomer.org,0,59.86000000000002,English,,159,00s
110,111,CARMEN OWENS,CARMEN.OWENS@sakilacustomer.org,0,97.73999999999998,English,,102,00s
111,112,ROSA REYNOLDS,ROSA.REYNOLDS@sakilacustomer.org,0,133.69999999999996,English,,292,00s
112,113,CINDY FISHER,CINDY.FISHER@sakilacustomer.org,0,113.70999999999997,English,,132,00s
113,114,GRACE ELLIS,GRACE.ELLIS@sakilacustomer.org,0,139.67,English,,148,00s
114,115,WENDY HARRISON,WENDY.HARRISON@sakilacustomer.org,0,91.69999999999996,English,,365,00s
115,116,VICTORIA GIBSON,VICTORIA.GIBSON@sakilacustomer.org,0,111.72999999999998,English,,403,00s
116,117,EDITH MCDONALD,EDITH.MCDONALD@sakilacustomer.org,0,71.81,English,,176,00s
117,118,KIM CRUZ,KIM.CRUZ@sakilacustomer.org,0,82.78999999999999,English,,185,00s
118,119,SHERRY MARSHALL,SHERRY.MARSHALL@sakilacustomer.org,0,153.66,English,,476,00s
119,120,SYLVIA ORTIZ,SYLVIA.ORTIZ@sakilacustomer.org,0,143.67999999999998,English,,147,00s
120,121,JOSEPHINE GOMEZ,JOSEPHINE.GOMEZ@sakilacustomer.org,0,109.73999999999997,English,,164,00s
121,122,THELMA MURRAY,THELMA.MURRAY@sakilacustomer.org,0,126.67999999999994,English,,305,00s
122,123,SHANNON FREEMAN,SHANNON.FREEMAN@sakilacustomer.org,0,100.75999999999998,English,,566,00s
123,124,SHEILA WELLS,SHEILA.WELLS@sakilacustomer.org,0,73.82,English,,281,00s
124,125,ETHEL WEBB,ETHEL.WEBB@sakilacustomer.org,0,135.67999999999998,English,,85,00s
125,126,ELLEN SIMPSON,ELLEN.SIMPSON@sakilacustomer.org,0,117.71999999999997,English,,410,00s
126,127,ELAINE STEVENS,ELAINE.STEVENS@sakilacustomer.org,0,107.75999999999996,English,,484,00s
127,128,MARJORIE TUCKER,MARJORIE.TUCKER@sakilacustomer.org,0,127.67999999999992,English,,236,00s
128,129,CARRIE PORTER,CARRIE.PORTER@sakilacustomer.org,0,124.65999999999994,English,,302,00s
129,130,CHARLOTTE HUNTER,CHARLOTTE.HUNTER@sakilacustomer.org,0,93.75999999999999,English,,190,00s
130,131,MONICA HICKS,MONICA.HICKS@sakilacustomer.org,0,128.69999999999993,English,,345,00s
131,132,ESTHER CRAWFORD,ESTHER.CRAWFORD@sakilacustomer.org,0,95.71999999999998,English,,87,00s
132,133,PAULINE HENRY,PAULINE.HENRY@sakilacustomer.org,0,98.72999999999996,English,,541,00s
133,134,EMMA BOYD,EMMA.BOYD@sakilacustomer.org,0,94.76999999999998,English,,421,00s
134,135,JUANITA MASON,JUANITA.MASON@sakilacustomer.org,0,110.69999999999995,English,,417,00s
135,136,ANITA MORALES,ANITA.MORALES@sakilacustomer.org,0,62.850000000000016,English,,211,00s
136,137,RHONDA KENNEDY,RHONDA.KENNEDY@sakilacustomer.org,0,194.61000000000007,English,,29,00s
137,138,HAZEL WARREN,HAZEL.WARREN@sakilacustomer.org,0,110.65999999999994,English,,207,00s
138,139,AMBER DIXON,AMBER.DIXON@sakilacustomer.org,0,113.72999999999996,English,,542,00s
139,140,EVA RAMOS,EVA.RAMOS@sakilacustomer.org,0,83.82,English,,123,00s
140,141,DEBBIE REYES,DEBBIE.REYES@sakilacustomer.org,0,130.67999999999992,English,,172,00s
141,142,APRIL BURNS,APRIL.BURNS@sakilacustomer.org,0,94.73999999999995,English,,149,00s
142,143,LESLIE GORDON,LESLIE.GORDON@sakilacustomer.org,0,89.77999999999999,English,,266,00s
143,144,CLARA SHAW,CLARA.SHAW@sakilacustomer.org,0,195.58000000000007,English,,340,00s
144,145,LUCILLE HOLMES,LUCILLE.HOLMES@sakilacustomer.org,0,108.71999999999998,English,,491,00s
145,146,JAMIE RICE,JAMIE.RICE@sakilacustomer.org,0,139.70999999999995,English,,499,00s
146,147,JOANNE ROBERTSON,JOANNE.ROBERTSON@sakilacustomer.org,0,127.65999999999995,English,,555,00s
147,148,ELEANOR HUNT,ELEANOR.HUNT@sakilacustomer.org,0,216.5400000000001,English,,442,00s
148,149,VALERIE BLACK,VALERIE.BLACK@sakilacustomer.org,0,121.73999999999995,English,,94,00s
149,150,DANIELLE DANIELS,DANIELLE.DANIELS@sakilacustomer.org,0,105.74999999999997,English,,202,00s
150,151,MEGAN PALMER,MEGAN.PALMER@sakilacustomer.org,0,92.72999999999998,English,,291,00s
151,152,ALICIA MILLS,ALICIA.MILLS@sakilacustomer.org,0,83.78999999999998,English,,354,00s
152,153,SUZANNE NICHOLS,SUZANNE.NICHOLS@sakilacustomer.org,0,94.75999999999998,English,,232,00s
153,154,MICHELE GRANT,MICHELE.GRANT@sakilacustomer.org,0,130.69999999999996,English,,590,00s
154,155,GAIL KNIGHT,GAIL.KNIGHT@sakilacustomer.org,0,109.74999999999997,English,,72,00s
155,156,BERTHA FERGUSON,BERTHA.FERGUSON@sakilacustomer.org,0,101.74999999999996,English,,381,00s
156,157,DARLENE ROSE,DARLENE.ROSE@sakilacustomer.org,0,113.68999999999997,English,,420,00s
157,158,VERONICA STONE,VERONICA.STONE@sakilacustomer.org,0,126.67999999999992,English,,187,00s
158,159,JILL HAWKINS,JILL.HAWKINS@sakilacustomer.org,0,68.79,English,,307,00s
159,160,ERIN DUNN,ERIN.DUNN@sakilacustomer.org,0,106.72999999999998,English,,310,00s
160,161,GERALDINE PERKINS,GERALDINE.PERKINS@sakilacustomer.org,0,112.69999999999995,English,,533,00s
161,162,LAUREN HUDSON,LAUREN.HUDSON@sakilacustomer.org,0,71.8,English,,297,00s
162,163,CATHY SPENCER,CATHY.SPENCER@sakilacustomer.org,0,122.70999999999997,English,,253,00s
163,164,JOANN GARDNER,JOANN.GARDNER@sakilacustomer.org,0,66.84000000000002,English,,529,00s
164,165,LORRAINE STEPHENS,LORRAINE.STEPHENS@sakilacustomer.org,0,86.78999999999999,English,,199,00s
165,166,LYNN PAYNE,LYNN.PAYNE@sakilacustomer.org,0,123.71999999999996,English,,304,00s
166,167,SALLY PIERCE,SALLY.PIERCE@sakilacustomer.org,0,119.67999999999995,English,,107,00s
167,168,REGINA BERRY,REGINA.BERRY@sakilacustomer.org,0,135.65999999999997,English,,240,00s
168,169,ERICA MATTHEWS,ERICA.MATTHEWS@sakilacustomer.org,0,95.77999999999997,English,,407,00s
169,170,BEATRICE ARNOLD,BEATRICE.ARNOLD@sakilacustomer.org,0,119.73999999999997,English,,550,00s
170,171,DOLORES WAGNER,DOLORES.WAGNER@sakilacustomer.org,0,114.73999999999997,English,,223,00s
171,172,BERNICE WILLIS,BERNICE.WILLIS@sakilacustomer.org,0,145.67,English,,58,00s
172,173,AUDREY RAY,AUDREY.RAY@sakilacustomer.org,0,119.70999999999995,English,,186,00s
173,174,YVONNE WATKINS,YVONNE.WATKINS@sakilacustomer.org,0,92.78999999999998,English,,373,00s
174,175,ANNETTE OLSON,ANNETTE.OLSON@sakilacustomer.org,0,98.75999999999998,English,,18,00s
175,176,JUNE CARROLL,JUNE.CARROLL@sakilacustomer.org,0,173.63000000000002,English,,483,00s
176,177,SAMANTHA DUNCAN,SAMANTHA.DUNCAN@sakilacustomer.org,0,71.77,English,,330,00s
177,178,MARION SNYDER,MARION.SNYDER@sakilacustomer.org,0,194.61000000000007,English,,456,00s
178,179,DANA HART,DANA.HART@sakilacustomer.org,0,133.70999999999995,English,,270,00s
179,180,STACY CUNNINGHAM,STACY.CUNNINGHAM@sakilacustomer.org,0,98.76999999999997,English,,405,00s
180,181,ANA BRADLEY,ANA.BRADLEY@sakilacustomer.org,0,174.66000000000005,English,,333,00s
181,182,RENEE LANE,RENEE.LANE@sakilacustomer.org,0,97.74,English,,126,00s
182,183,IDA ANDREWS,IDA.ANDREWS@sakilacustomer.org,0,76.77,English,,317,00s
183,184,VIVIAN RUIZ,VIVIAN.RUIZ@sakilacustomer.org,0,90.76999999999998,English,,438,00s
184,185,ROBERTA HARPER,ROBERTA.HARPER@sakilacustomer.org,0,84.76999999999998,English,,467,00s
185,186,HOLLY FOX,HOLLY.FOX@sakilacustomer.org,0,114.68999999999997,English,,195,00s
186,187,BRITTANY RILEY,BRITTANY.RILEY@sakilacustomer.org,0,159.72,English,,506,00s
187,188,MELANIE ARMSTRONG,MELANIE.ARMSTRONG@sakilacustomer.org,0,92.74999999999999,English,,62,00s
188,189,LORETTA CARPENTER,LORETTA.CARPENTER@sakilacustomer.org,0,93.77999999999999,English,,383,00s
189,190,YOLANDA WEAVER,YOLANDA.WEAVER@sakilacustomer.org,0,110.72999999999996,English,,513,00s
190,191,JEANETTE GREENE,JEANETTE.GREENE@sakilacustomer.org,0,74.8,English,,369,00s
191,192,LAURIE LAWRENCE,LAURIE.LAWRENCE@sakilacustomer.org,0,99.76999999999998,English,,169,00s
192,193,KATIE ELLIOTT,KATIE.ELLIOTT@sakilacustomer.org,0,109.74999999999996,English,,271,00s
193,194,KRISTEN CHAVEZ,KRISTEN.CHAVEZ@sakilacustomer.org,0,87.82,English,,204,00s
194,195,VANESSA SIMS,VANESSA.SIMS@sakilacustomer.org,0,86.80999999999999,English,,477,00s
195,196,ALMA AUSTIN,ALMA.AUSTIN@sakilacustomer.org,0,151.64999999999998,English,,325,00s
196,197,SUE PETERS,SUE.PETERS@sakilacustomer.org,0,154.59999999999997,English,,109,00s
197,198,ELSIE KELLEY,ELSIE.KELLEY@sakilacustomer.org,0,141.62999999999997,English,,218,00s
198,199,BETH FRANKLIN,BETH.FRANKLIN@sakilacustomer.org,0,103.74999999999997,English,,194,00s
199,200,JEANNE LAWSON,JEANNE.LAWSON@sakilacustomer.org,0,136.73,English,,35,00s
200,201,VICKI FIELDS,VICKI.FIELDS@sakilacustomer.org,0,108.74999999999996,English,,575,00s
201,202,CARLA GUTIERREZ,CARLA.GUTIERREZ@sakilacustomer.org,0,103.73999999999998,English,,77,00s
202,203,TARA RYAN,TARA.RYAN@sakilacustomer.org,0,88.79999999999998,English,,184,00s
203,204,ROSEMARY SCHMIDT,ROSEMARY.SCHMIDT@sakilacustomer.org,0,147.64999999999998,English,,557,00s
204,205,EILEEN CARR,EILEEN.CARR@sakilacustomer.org,0,80.82,English,,122,00s
205,206,TERRI VASQUEZ,TERRI.VASQUEZ@sakilacustomer.org,0,126.72999999999995,English,,83,00s
206,207,GERTRUDE CASTILLO,GERTRUDE.CASTILLO@sakilacustomer.org,0,137.65999999999997,English,,371,00s
207,208,LUCY WHEELER,LUCY.WHEELER@sakilacustomer.org,0,91.74000000000001,English,,51,00s
208,209,TONYA CHAPMAN,TONYA.CHAPMAN@sakilacustomer.org,0,161.68,English,,74,00s
209,210,ELLA OLIVER,ELLA.OLIVER@sakilacustomer.org,0,137.68999999999997,English,,7,00s
210,211,STACEY MONTGOMERY,STACEY.MONTGOMERY@sakilacustomer.org,0,151.65999999999997,English,,174,00s
211,212,WILMA RICHARDS,WILMA.RICHARDS@sakilacustomer.org,0,91.79999999999998,English,,65,00s
212,213,GINA WILLIAMSON,GINA.WILLIAMSON@sakilacustomer.org,0,111.71999999999996,English,,518,00s
213,214,KRISTIN JOHNSTON,KRISTIN.JOHNSTON@sakilacustomer.org,0,116.68999999999994,English,,508,00s
214,215,JESSIE BANKS,JESSIE.BANKS@sakilacustomer.org,0,91.73999999999997,English,,498,00s
215,216,NATALIE MEYER,NATALIE.MEYER@sakilacustomer.org,0,95.76999999999998,English,,28,00s
216,217,AGNES BISHOP,AGNES.BISHOP@sakilacustomer.org,0,98.76999999999998,English,,448,00s
217,218,VERA MCCOY,VERA.MCCOY@sakilacustomer.org,0,67.82000000000001,English,,251,00s
218,219,WILLIE HOWELL,WILLIE.HOWELL@sakilacustomer.org,0,101.73999999999997,English,,567,00s
219,220,CHARLENE ALVAREZ,CHARLENE.ALVAREZ@sakilacustomer.org,0,114.72999999999995,English,,593,00s
220,221,BESSIE MORRISON,BESSIE.MORRISON@sakilacustomer.org,0,132.71999999999994,English,,511,00s
221,222,DELORES HANSEN,DELORES.HANSEN@sakilacustomer.org,0,91.78999999999996,English,,235,00s
222,223,MELINDA FERNANDEZ,MELINDA.FERNANDEZ@sakilacustomer.org,0,80.83,English,,324,00s
223,224,PEARL GARZA,PEARL.GARZA@sakilacustomer.org,0,76.78,English,,243,00s
224,225,ARLENE HARVEY,ARLENE.HARVEY@sakilacustomer.org,0,120.73999999999995,English,,22,00s
225,226,MAUREEN LITTLE,MAUREEN.LITTLE@sakilacustomer.org,0,87.78999999999999,English,,37,00s
226,227,COLLEEN BURTON,COLLEEN.BURTON@sakilacustomer.org,0,87.75999999999999,English,,439,00s
227,228,ALLISON STANLEY,ALLISON.STANLEY@sakilacustomer.org,0,92.72999999999999,English,,406,00s
228,229,TAMARA NGUYEN,TAMARA.NGUYEN@sakilacustomer.org,0,93.74999999999997,English,,26,00s
229,230,JOY GEORGE,JOY.GEORGE@sakilacustomer.org,0,124.66999999999993,English,,86,00s
230,231,GEORGIA JACOBS,GEORGIA.JACOBS@sakilacustomer.org,0,110.73999999999997,English,,559,00s
231,232,CONSTANCE REID,CONSTANCE.REID@sakilacustomer.org,0,95.74999999999997,English,,596,00s
232,233,LILLIE KIM,LILLIE.KIM@sakilacustomer.org,0,89.76999999999997,English,,216,00s
233,234,CLAUDIA FULLER,CLAUDIA.FULLER@sakilacustomer.org,0,111.73999999999995,English,,233,00s
234,235,JACKIE LYNCH,JACKIE.LYNCH@sakilacustomer.org,0,93.74999999999997,English,,96,00s
235,236,MARCIA DEAN,MARCIA.DEAN@sakilacustomer.org,0,175.58,English,,527,00s
236,237,TANYA GILBERT,TANYA.GILBERT@sakilacustomer.org,0,144.67,English,,357,00s
237,238,NELLIE GARRETT,NELLIE.GARRETT@sakilacustomer.org,0,94.78999999999998,English,,473,00s
238,239,MINNIE ROMERO,MINNIE.ROMERO@sakilacustomer.org,0,142.65999999999997,English,,118,00s
239,240,MARLENE WELCH,MARLENE.WELCH@sakilacustomer.org,0,117.73999999999997,English,,226,00s
240,241,HEIDI LARSON,HEIDI.LARSON@sakilacustomer.org,0,122.65999999999994,English,,578,00s
241,242,GLENDA FRAZIER,GLENDA.FRAZIER@sakilacustomer.org,0,140.68,English,,422,00s
242,243,LYDIA BURKE,LYDIA.BURKE@sakilacustomer.org,0,82.75999999999999,English,,454,00s
243,244,VIOLA HANSON,VIOLA.HANSON@sakilacustomer.org,0,129.67999999999995,English,,294,00s
244,245,COURTNEY DAY,COURTNEY.DAY@sakilacustomer.org,0,132.67999999999998,English,,553,00s
245,246,MARIAN MENDOZA,MARIAN.MENDOZA@sakilacustomer.org,0,107.76999999999998,English,,328,00s
246,247,STELLA MORENO,STELLA.MORENO@sakilacustomer.org,0,104.77999999999997,English,,124,00s
247,248,CAROLINE BOWMAN,CAROLINE.BOWMAN@sakilacustomer.org,0,50.85000000000001,English,,520,00s
248,249,DORA MEDINA,DORA.MEDINA@sakilacustomer.org,0,107.76999999999995,English,,535,00s
249,250,JO FOWLER,JO.FOWLER@sakilacustomer.org,0,73.80000000000003,English,,390,00s
250,251,VICKIE BREWER,VICKIE.BREWER@sakilacustomer.org,0,120.68999999999994,English,,198,00s
251,252,MATTIE HOFFMAN,MATTIE.HOFFMAN@sakilacustomer.org,0,64.78,English,,312,00s
252,253,TERRY CARLSON,TERRY.CARLSON@sakilacustomer.org,0,127.70999999999995,English,,338,00s
253,254,MAXINE SILVA,MAXINE.SILVA@sakilacustomer.org,0,116.67999999999995,English,,413,00s
254,255,IRMA PEARSON,IRMA.PEARSON@sakilacustomer.org,0,70.82000000000001,English,,192,00s
255,256,MABEL HOLLAND,MABEL.HOLLAND@sakilacustomer.org,0,112.69999999999997,English,,342,00s
256,257,MARSHA DOUGLAS,MARSHA.DOUGLAS@sakilacustomer.org,0,151.63000000000002,English,,64,00s
257,258,MYRTLE FLEMING,MYRTLE.FLEMING@sakilacustomer.org,0,110.75999999999996,English,,460,00s
258,259,LENA JENSEN,LENA.JENSEN@sakilacustomer.org,0,170.67000000000004,English,,197,00s
259,260,CHRISTY VARGAS,CHRISTY.VARGAS@sakilacustomer.org,0,122.68999999999994,English,,136,00s
260,261,DEANNA BYRD,DEANNA.BYRD@sakilacustomer.org,0,107.73999999999997,English,,548,00s
261,262,PATSY DAVIDSON,PATSY.DAVIDSON@sakilacustomer.org,0,119.71999999999994,English,,414,00s
262,263,HILDA HOPKINS,HILDA.HOPKINS@sakilacustomer.org,0,122.70999999999997,English,,323,00s
263,264,GWENDOLYN MAY,GWENDOLYN.MAY@sakilacustomer.org,0,98.74999999999997,English,,203,00s
264,265,JENNIE TERRY,JENNIE.TERRY@sakilacustomer.org,0,133.70999999999995,English,,378,00s
265,266,NORA HERRERA,NORA.HERRERA@sakilacustomer.org,0,118.71999999999994,English,,447,00s
266,267,MARGIE WADE,MARGIE.WADE@sakilacustomer.org,0,159.64,English,,298,00s
267,268,NINA SOTO,NINA.SOTO@sakilacustomer.org,0,123.70999999999995,English,,395,00s
268,269,CASSANDRA WALTERS,CASSANDRA.WALTERS@sakilacustomer.org,0,129.69999999999993,English,,446,00s
269,270,LEAH CURTIS,LEAH.CURTIS@sakilacustomer.org,0,104.74999999999996,English,,255,00s
270,271,PENNY NEAL,PENNY.NEAL@sakilacustomer.org,0,68.82000000000001,English,,283,00s
271,272,KAY CALDWELL,KAY.CALDWELL@sakilacustomer.org,0,98.79999999999998,English,,584,00s
272,273,PRISCILLA LOWE,PRISCILLA.LOWE@sakilacustomer.org,0,157.65,English,,445,00s
273,274,NAOMI JENNINGS,NAOMI.JENNINGS@sakilacustomer.org,0,152.65,English,,263,00s
274,275,CAROLE BARNETT,CAROLE.BARNETT@sakilacustomer.org,0,108.69999999999996,English,,404,00s
275,276,BRANDY GRAVES,BRANDY.GRAVES@sakilacustomer.org,0,122.71999999999994,English,,573,00s
276,277,OLGA JIMENEZ,OLGA.JIMENEZ@sakilacustomer.org,0,144.67999999999995,English,,374,00s
277,278,BILLIE HORTON,BILLIE.HORTON@sakilacustomer.org,0,88.73999999999998,English,,222,00s
278,279,DIANNE SHELTON,DIANNE.SHELTON@sakilacustomer.org,0,135.68999999999997,English,,514,00s
279,280,TRACEY BARRETT,TRACEY.BARRETT@sakilacustomer.org,0,118.72999999999995,English,,389,00s
280,281,LEONA OBRIEN,LEONA.OBRIEN@sakilacustomer.org,0,50.860000000000014,English,,175,00s
281,282,JENNY CASTRO,JENNY.CASTRO@sakilacustomer.org,0,103.72999999999996,English,,411,00s
282,283,FELICIA SUTTON,FELICIA.SUTTON@sakilacustomer.org,0,86.72,English,,277,00s
283,284,SONIA GREGORY,SONIA.GREGORY@sakilacustomer.org,0,126.71999999999996,English,,69,00s
284,285,MIRIAM MCKINNEY,MIRIAM.MCKINNEY@sakilacustomer.org,0,135.73999999999998,English,,386,00s
285,286,VELMA LUCAS,VELMA.LUCAS@sakilacustomer.org,0,117.72999999999993,English,,152,00s
286,287,BECKY MILES,BECKY.MILES@sakilacustomer.org,0,115.70999999999995,English,,522,00s
287,288,BOBBIE CRAIG,BOBBIE.CRAIG@sakilacustomer.org,0,80.75999999999999,English,,563,00s
288,289,VIOLET RODRIQUEZ,VIOLET.RODRIQUEZ@sakilacustomer.org,0,142.7,English,,279,00s
289,290,KRISTINA CHAMBERS,KRISTINA.CHAMBERS@sakilacustomer.org,0,109.71999999999996,English,,562,00s
290,291,TONI HOLT,TONI.HOLT@sakilacustomer.org,0,95.77,English,,433,00s
291,292,MISTY LAMBERT,MISTY.LAMBERT@sakilacustomer.org,0,118.72999999999995,English,,470,00s
292,293,MAE FLETCHER,MAE.FLETCHER@sakilacustomer.org,0,158.69,English,,146,00s
293,294,SHELLY WATTS,SHELLY.WATTS@sakilacustomer.org,0,113.73999999999997,English,,140,00s
294,295,DAISY BATES,DAISY.BATES@sakilacustomer.org,0,162.62000000000003,English,,274,00s
295,296,RAMONA HALE,RAMONA.HALE@sakilacustomer.org,0,129.69999999999993,English,,400,00s
296,297,SHERRI RHODES,SHERRI.RHODES@sakilacustomer.org,0,128.66999999999993,English,,9,00s
297,298,ERIKA PENA,ERIKA.PENA@sakilacustomer.org,0,101.73999999999998,English,,387,00s
298,299,JAMES GANNON,JAMES.GANNON@sakilacustomer.org,0,131.69999999999996,English,,205,00s
299,300,JOHN FARNSWORTH,JOHN.FARNSWORTH@sakilacustomer.org,0,137.68999999999994,English,,398,00s
300,301,ROBERT BAUGHMAN,ROBERT.BAUGHMAN@sakilacustomer.org,0,92.78999999999999,English,,254,00s
301,302,MICHAEL SILVERMAN,MICHAEL.SILVERMAN@sakilacustomer.org,0,127.70999999999994,English,,536,00s
302,303,WILLIAM SATTERFIELD,WILLIAM.SATTERFIELD@sakilacustomer.org,0,100.73999999999997,English,,455,00s
303,304,DAVID ROYAL,DAVID.ROYAL@sakilacustomer.org,0,115.73999999999995,English,,99,00s
304,305,RICHARD MCCRARY,RICHARD.MCCRARY@sakilacustomer.org,0,109.74999999999996,English,,33,00s
305,306,CHARLES KOWALSKI,CHARLES.KOWALSKI@sakilacustomer.org,0,138.67999999999995,English,,507,00s
306,307,JOSEPH JOY,JOSEPH.JOY@sakilacustomer.org,0,134.69999999999996,English,,25,00s
307,308,THOMAS GRIGSBY,THOMAS.GRIGSBY@sakilacustomer.org,0,105.74999999999999,English,,262,00s
308,309,CHRISTOPHER GRECO,CHRISTOPHER.GRECO@sakilacustomer.org,0,147.68999999999997,English,,91,00s
309,310,DANIEL CABRAL,DANIEL.CABRAL@sakilacustomer.org,0,97.79999999999998,English,,215,00s
310,311,PAUL TROUT,PAUL.TROUT@sakilacustomer.org,0,120.76999999999997,English,,286,00s
311,312,MARK RINEHART,MARK.RINEHART@sakilacustomer.org,0,104.73999999999995,English,,515,00s
312,313,DONALD MAHON,DONALD.MAHON@sakilacustomer.org,0,89.76999999999998,English,,166,00s
313,314,GEORGE LINTON,GEORGE.LINTON@sakilacustomer.org,0,131.66999999999993,English,,490,00s
314,315,KENNETH GOODEN,KENNETH.GOODEN@sakilacustomer.org,0,84.82999999999998,English,,57,00s
315,316,STEVEN CURLEY,STEVEN.CURLEY@sakilacustomer.org,0,132.70999999999995,English,,336,00s
316,317,EDWARD BAUGH,EDWARD.BAUGH@sakilacustomer.org,0,114.71999999999994,English,,545,00s
317,318,BRIAN WYMAN,BRIAN.WYMAN@sakilacustomer.org,0,52.88000000000002,English,,97,00s
318,319,RONALD WEINER,RONALD.WEINER@sakilacustomer.org,0,132.69999999999996,English,,451,00s
319,320,ANTHONY SCHWAB,ANTHONY.SCHWAB@sakilacustomer.org,0,71.8,English,,516,00s
320,321,KEVIN SCHULER,KEVIN.SCHULER@sakilacustomer.org,0,116.77999999999996,English,,81,00s
321,322,JASON MORRISSEY,JASON.MORRISSEY@sakilacustomer.org,0,128.71999999999997,English,,45,00s
322,323,MATTHEW MAHAN,MATTHEW.MAHAN@sakilacustomer.org,0,114.68999999999994,English,,130,00s
323,324,GARY COY,GARY.COY@sakilacustomer.org,0,103.74999999999997,English,,591,00s
324,325,TIMOTHY BUNN,TIMOTHY.BUNN@sakilacustomer.org,0,91.77999999999999,English,,89,00s
325,326,JOSE ANDREW,JOSE.ANDREW@sakilacustomer.org,0,96.74999999999996,English,,269,00s
326,327,LARRY THRASHER,LARRY.THRASHER@sakilacustomer.org,0,112.73999999999997,English,,5,00s
327,328,JEFFREY SPEAR,JEFFREY.SPEAR@sakilacustomer.org,0,90.76999999999998,English,,119,00s
328,329,FRANK WAGGONER,FRANK.WAGGONER@sakilacustomer.org,0,127.67999999999994,English,,234,00s
329,330,SCOTT SHELLEY,SCOTT.SHELLEY@sakilacustomer.org,0,94.74999999999997,English,,42,00s
330,331,ERIC ROBERT,ERIC.ROBERT@sakilacustomer.org,0,122.72999999999995,English,,457,00s
331,332,STEPHEN QUALLS,STEPHEN.QUALLS@sakilacustomer.org,0,118.71999999999994,English,,143,00s
332,333,ANDREW PURDY,ANDREW.PURDY@sakilacustomer.org,0,109.72999999999996,English,,48,00s
333,334,RAYMOND MCWHORTER,RAYMOND.MCWHORTER@sakilacustomer.org,0,135.69999999999996,English,,505,00s
334,335,GREGORY MAULDIN,GREGORY.MAULDIN@sakilacustomer.org,0,78.76999999999998,English,,492,00s
335,336,JOSHUA MARK,JOSHUA.MARK@sakilacustomer.org,0,119.69999999999995,English,,427,00s
336,337,JERRY JORDON,JERRY.JORDON@sakilacustomer.org,0,143.70999999999998,English,,382,00s
337,338,DENNIS GILMAN,DENNIS.GILMAN@sakilacustomer.org,0,114.71999999999996,English,,392,00s
338,339,WALTER PERRYMAN,WALTER.PERRYMAN@sakilacustomer.org,0,127.69999999999993,English,,581,00s
339,340,PATRICK NEWSOM,PATRICK.NEWSOM@sakilacustomer.org,0,119.68999999999996,English,,201,00s
340,341,PETER MENARD,PETER.MENARD@sakilacustomer.org,0,106.76999999999997,English,,151,00s
341,342,HAROLD MARTINO,HAROLD.MARTINO@sakilacustomer.org,0,130.67999999999995,English,,84,00s
342,343,DOUGLAS GRAF,DOUGLAS.GRAF@sakilacustomer.org,0,114.74999999999996,English,,335,00s
343,344,HENRY BILLINGSLEY,HENRY.BILLINGSLEY@sakilacustomer.org,0,73.82,English,,370,00s
344,345,CARL ARTIS,CARL.ARTIS@sakilacustomer.org,0,106.76999999999998,English,,453,00s
345,346,ARTHUR SIMPKINS,ARTHUR.SIMPKINS@sakilacustomer.org,0,155.68,English,,320,00s
346,347,RYAN SALISBURY,RYAN.SALISBURY@sakilacustomer.org,0,142.7,English,,137,00s
347,348,ROGER QUINTANILLA,ROGER.QUINTANILLA@sakilacustomer.org,0,146.64,English,,209,00s
348,349,JOE GILLILAND,JOE.GILLILAND@sakilacustomer.org,0,138.70999999999998,English,,221,00s
349,350,JUAN FRALEY,JUAN.FRALEY@sakilacustomer.org,0,73.77,English,,531,00s
350,351,JACK FOUST,JACK.FOUST@sakilacustomer.org,0,89.75999999999998,English,,597,00s
351,352,ALBERT CROUSE,ALBERT.CROUSE@sakilacustomer.org,0,99.76999999999997,English,,52,00s
352,353,JONATHAN SCARBOROUGH,JONATHAN.SCARBOROUGH@sakilacustomer.org,0,72.82000000000001,English,,393,00s
353,354,JUSTIN NGO,JUSTIN.NGO@sakilacustomer.org,0,129.63999999999996,English,,461,00s
354,355,TERRY GRISSOM,TERRY.GRISSOM@sakilacustomer.org,0,72.80000000000001,English,,331,00s
355,356,GERALD FULTZ,GERALD.FULTZ@sakilacustomer.org,0,121.69999999999995,English,,464,00s
356,357,KEITH RICO,KEITH.RICO@sakilacustomer.org,0,89.73999999999997,English,,90,00s
357,358,SAMUEL MARLOW,SAMUEL.MARLOW@sakilacustomer.org,0,80.79000000000002,English,,429,00s
358,359,WILLIE MARKHAM,WILLIE.MARKHAM@sakilacustomer.org,0,101.74999999999997,English,,20,00s
359,360,RALPH MADRIGAL,RALPH.MADRIGAL@sakilacustomer.org,0,150.66,English,,32,00s
360,361,LAWRENCE LAWTON,LAWRENCE.LAWTON@sakilacustomer.org,0,100.68999999999998,English,,585,00s
361,362,NICHOLAS BARFIELD,NICHOLAS.BARFIELD@sakilacustomer.org,0,145.67999999999998,English,,66,00s
362,363,ROY WHITING,ROY.WHITING@sakilacustomer.org,0,143.70999999999998,English,,372,00s
363,364,BENJAMIN VARNEY,BENJAMIN.VARNEY@sakilacustomer.org,0,95.76999999999998,English,,188,00s
364,365,BRUCE SCHWARZ,BRUCE.SCHWARZ@sakilacustomer.org,0,103.76999999999997,English,,377,00s
365,366,BRANDON HUEY,BRANDON.HUEY@sakilacustomer.org,0,152.63,English,,50,00s
366,367,ADAM GOOCH,ADAM.GOOCH@sakilacustomer.org,0,101.78,English,,8,00s
367,368,HARRY ARCE,HARRY.ARCE@sakilacustomer.org,0,157.65,English,,356,00s
368,369,FRED WHEAT,FRED.WHEAT@sakilacustomer.org,0,88.74999999999997,English,,250,00s
369,370,WAYNE TRUONG,WAYNE.TRUONG@sakilacustomer.org,0,70.81000000000002,English,,191,00s
370,371,BILLY POULIN,BILLY.POULIN@sakilacustomer.org,0,149.65,English,,98,00s
371,372,STEVE MACKENZIE,STEVE.MACKENZIE@sakilacustomer.org,0,158.66,English,,415,00s
372,373,LOUIS LEONE,LOUIS.LEONE@sakilacustomer.org,0,161.65000000000003,English,,523,00s
373,374,JEREMY HURTADO,JEREMY.HURTADO@sakilacustomer.org,0,103.71999999999998,English,,572,00s
374,375,AARON SELBY,AARON.SELBY@sakilacustomer.org,0,110.75999999999998,English,,348,00s
375,376,RANDY GAITHER,RANDY.GAITHER@sakilacustomer.org,0,110.71999999999996,English,,285,00s
376,377,HOWARD FORTNER,HOWARD.FORTNER@sakilacustomer.org,0,93.73999999999995,English,,265,00s
377,378,EUGENE CULPEPPER,EUGENE.CULPEPPER@sakilacustomer.org,0,71.81000000000002,English,,471,00s
378,379,CARLOS COUGHLIN,CARLOS.COUGHLIN@sakilacustomer.org,0,106.76999999999997,English,,73,00s
379,380,RUSSELL BRINSON,RUSSELL.BRINSON@sakilacustomer.org,0,136.63999999999996,English,,549,00s
380,381,BOBBY BOUDREAU,BOBBY.BOUDREAU@sakilacustomer.org,0,106.64999999999996,English,,493,00s
381,382,VICTOR BARKLEY,VICTOR.BARKLEY@sakilacustomer.org,0,91.75999999999999,English,,322,00s
382,383,MARTIN BALES,MARTIN.BALES@sakilacustomer.org,0,103.72999999999998,English,,360,00s
383,384,ERNEST STEPP,ERNEST.STEPP@sakilacustomer.org,0,89.74999999999999,English,,210,00s
384,385,PHILLIP HOLM,PHILLIP.HOLM@sakilacustomer.org,0,101.73999999999998,English,,521,00s
385,386,TODD TAN,TODD.TAN@sakilacustomer.org,0,117.70999999999994,English,,258,00s
386,387,JESSE SCHILLING,JESSE.SCHILLING@sakilacustomer.org,0,101.73999999999997,English,,315,00s
387,388,CRAIG MORRELL,CRAIG.MORRELL@sakilacustomer.org,0,124.69999999999993,English,,104,00s
388,389,ALAN KAHN,ALAN.KAHN@sakilacustomer.org,0,124.73999999999994,English,,157,00s
389,390,SHAWN HEATON,SHAWN.HEATON@sakilacustomer.org,0,152.67,English,,358,00s
390,391,CLARENCE GAMEZ,CLARENCE.GAMEZ@sakilacustomer.org,0,104.69999999999996,English,,229,00s
391,392,SEAN DOUGLASS,SEAN.DOUGLASS@sakilacustomer.org,0,91.76999999999998,English,,6,00s
392,393,PHILIP CAUSEY,PHILIP.CAUSEY@sakilacustomer.org,0,121.68999999999994,English,,278,00s
393,394,CHRIS BROTHERS,CHRIS.BROTHERS@sakilacustomer.org,0,84.78,English,,181,00s
394,395,JOHNNY TURPIN,JOHNNY.TURPIN@sakilacustomer.org,0,57.81000000000002,English,,15,00s
395,396,EARL SHANKS,EARL.SHANKS@sakilacustomer.org,0,111.72999999999996,English,,228,00s
396,397,JIMMY SCHRADER,JIMMY.SCHRADER@sakilacustomer.org,0,105.70999999999997,English,,39,00s
397,398,ANTONIO MEEK,ANTONIO.MEEK@sakilacustomer.org,0,78.84,English,,44,00s
398,399,DANNY ISOM,DANNY.ISOM@sakilacustomer.org,0,91.78999999999998,English,,375,00s
399,400,BRYAN HARDISON,BRYAN.HARDISON@sakilacustomer.org,0,124.71999999999994,English,,135,00s
400,401,TONY CARRANZA,TONY.CARRANZA@sakilacustomer.org,0,74.77999999999999,English,,276,00s
401,402,LUIS YANEZ,LUIS.YANEZ@sakilacustomer.org,0,79.8,English,,92,00s
402,403,MIKE WAY,MIKE.WAY@sakilacustomer.org,0,166.65000000000006,English,,564,00s
403,404,STANLEY SCROGGINS,STANLEY.SCROGGINS@sakilacustomer.org,0,139.69999999999996,English,,380,00s
404,405,LEONARD SCHOFIELD,LEONARD.SCHOFIELD@sakilacustomer.org,0,109.67999999999996,English,,524,00s
405,406,NATHAN RUNYON,NATHAN.RUNYON@sakilacustomer.org,0,122.67999999999994,English,,111,00s
406,407,DALE RATCLIFF,DALE.RATCLIFF@sakilacustomer.org,0,112.72999999999995,English,,437,00s
407,408,MANUEL MURRELL,MANUEL.MURRELL@sakilacustomer.org,0,116.69999999999995,English,,230,00s
408,409,RODNEY MOELLER,RODNEY.MOELLER@sakilacustomer.org,0,104.76999999999997,English,,141,00s
409,410,CURTIS IRBY,CURTIS.IRBY@sakilacustomer.org,0,167.62000000000003,English,,430,00s
410,411,NORMAN CURRIER,NORMAN.CURRIER@sakilacustomer.org,0,80.74,English,,117,00s
411,412,ALLEN BUTTERFIELD,ALLEN.BUTTERFIELD@sakilacustomer.org,0,85.78999999999999,English,,208,00s
412,413,MARVIN YEE,MARVIN.YEE@sakilacustomer.org,0,75.79,English,,71,00s
413,414,VINCENT RALSTON,VINCENT.RALSTON@sakilacustomer.org,0,105.74999999999996,English,,19,00s
414,415,GLENN PULLEN,GLENN.PULLEN@sakilacustomer.org,0,93.76999999999998,English,,23,00s
415,416,JEFFERY PINSON,JEFFERY.PINSON@sakilacustomer.org,0,121.68999999999996,English,,134,00s
416,417,TRAVIS ESTEP,TRAVIS.ESTEP@sakilacustomer.org,0,110.74999999999996,English,,16,00s
417,418,JEFF EAST,JEFF.EAST@sakilacustomer.org,0,107.69999999999995,English,,450,00s
418,419,CHAD CARBONE,CHAD.CARBONE@sakilacustomer.org,0,89.75,English,,264,00s
419,420,JACOB LANCE,JACOB.LANCE@sakilacustomer.org,0,79.78999999999999,English,,155,00s
420,421,LEE HAWKS,LEE.HAWKS@sakilacustomer.org,0,119.72999999999995,English,,416,00s
421,422,MELVIN ELLINGTON,MELVIN.ELLINGTON@sakilacustomer.org,0,97.73999999999995,English,,293,00s
422,423,ALFRED CASILLAS,ALFRED.CASILLAS@sakilacustomer.org,0,120.73999999999995,English,,465,00s
423,424,KYLE SPURLOCK,KYLE.SPURLOCK@sakilacustomer.org,0,110.69999999999996,English,,468,00s
424,425,FRANCIS SIKES,FRANCIS.SIKES@sakilacustomer.org,0,104.73999999999994,English,,452,00s
425,426,BRADLEY MOTLEY,BRADLEY.MOTLEY@sakilacustomer.org,0,126.72999999999995,English,,418,00s
426,427,JESUS MCCARTNEY,JESUS.MCCARTNEY@sakilacustomer.org,0,114.75999999999996,English,,189,00s
427,428,HERBERT KRUGER,HERBERT.KRUGER@sakilacustomer.org,0,78.79999999999998,English,,510,00s
428,429,FREDERICK ISBELL,FREDERICK.ISBELL@sakilacustomer.org,0,105.78999999999996,English,,547,00s
429,430,RAY HOULE,RAY.HOULE@sakilacustomer.org,0,79.77999999999999,English,,150,00s
430,431,JOEL FRANCISCO,JOEL.FRANCISCO@sakilacustomer.org,0,95.76999999999998,English,,501,00s
431,432,EDWIN BURK,EDWIN.BURK@sakilacustomer.org,0,116.76999999999995,English,,364,00s
432,433,DON BONE,DON.BONE@sakilacustomer.org,0,133.74999999999994,English,,351,00s
433,434,EDDIE TOMLIN,EDDIE.TOMLIN@sakilacustomer.org,0,128.72999999999996,English,,391,00s
434,435,RICKY SHELBY,RICKY.SHELBY@sakilacustomer.org,0,91.74999999999996,English,,249,00s
435,436,TROY QUIGLEY,TROY.QUIGLEY@sakilacustomer.org,0,144.7,English,,565,00s
436,437,RANDALL NEUMANN,RANDALL.NEUMANN@sakilacustomer.org,0,99.76999999999998,English,,290,00s
437,438,BARRY LOVELACE,BARRY.LOVELACE@sakilacustomer.org,0,134.66999999999996,English,,272,00s
438,439,ALEXANDER FENNELL,ALEXANDER.FENNELL@sakilacustomer.org,0,151.64,English,,70,00s
439,440,BERNARD COLBY,BERNARD.COLBY@sakilacustomer.org,0,88.77999999999997,English,,144,00s
440,441,MARIO CHEATHAM,MARIO.CHEATHAM@sakilacustomer.org,0,112.71999999999996,English,,59,00s
441,442,LEROY BUSTAMANTE,LEROY.BUSTAMANTE@sakilacustomer.org,0,118.67999999999992,English,,540,00s
442,443,FRANCISCO SKIDMORE,FRANCISCO.SKIDMORE@sakilacustomer.org,0,98.77999999999997,English,,486,00s
443,444,MARCUS HIDALGO,MARCUS.HIDALGO@sakilacustomer.org,0,115.69999999999995,English,,530,00s
444,445,MICHEAL FORMAN,MICHEAL.FORMAN@sakilacustomer.org,0,102.73999999999997,English,,161,00s
445,446,THEODORE CULP,THEODORE.CULP@sakilacustomer.org,0,116.68999999999996,English,,554,00s
446,447,CLIFFORD BOWENS,CLIFFORD.BOWENS@sakilacustomer.org,0,113.70999999999995,English,,352,00s
447,448,MIGUEL BETANCOURT,MIGUEL.BETANCOURT@sakilacustomer.org,0,135.70999999999995,English,,160,00s
448,449,OSCAR AQUINO,OSCAR.AQUINO@sakilacustomer.org,0,99.79999999999997,English,,481,00s
449,450,JAY ROBB,JAY.ROBB@sakilacustomer.org,0,89.73999999999998,English,,509,00s
450,451,JIM REA,JIM.REA@sakilacustomer.org,0,128.66999999999993,English,,154,00s
451,452,TOM MILNER,TOM.MILNER@sakilacustomer.org,0,107.67999999999996,English,,3,00s
452,453,CALVIN MARTEL,CALVIN.MARTEL@sakilacustomer.org,0,111.76999999999995,English,,326,00s
453,454,ALEX GRESHAM,ALEX.GRESHAM@sakilacustomer.org,0,151.67,English,,556,00s
454,455,JON WILES,JON.WILES@sakilacustomer.org,0,87.75999999999999,English,,153,00s
455,456,RONNIE RICKETTS,RONNIE.RICKETTS@sakilacustomer.org,0,100.74999999999997,English,,600,00s
456,457,BILL GAVIN,BILL.GAVIN@sakilacustomer.org,0,114.71999999999998,English,,435,00s
457,458,LLOYD DOWD,LLOYD.DOWD@sakilacustomer.org,0,66.81000000000002,English,,532,00s
458,459,TOMMY COLLAZO,TOMMY.COLLAZO@sakilacustomer.org,0,186.62000000000006,English,,423,00s
459,460,LEON BOSTIC,LEON.BOSTIC@sakilacustomer.org,0,109.74999999999996,English,,170,00s
460,461,DEREK BLAKELY,DEREK.BLAKELY@sakilacustomer.org,0,97.71999999999998,English,,182,00s
461,462,WARREN SHERROD,WARREN.SHERROD@sakilacustomer.org,0,159.67,English,,558,00s
462,463,DARRELL POWER,DARRELL.POWER@sakilacustomer.org,0,91.74999999999999,English,,196,00s
463,464,JEROME KENYON,JEROME.KENYON@sakilacustomer.org,0,73.84,English,,428,00s
464,465,FLOYD GANDY,FLOYD.GANDY@sakilacustomer.org,0,69.83000000000001,English,,595,00s
465,466,LEO EBERT,LEO.EBERT@sakilacustomer.org,0,104.76999999999998,English,,145,00s
466,467,ALVIN DELOACH,ALVIN.DELOACH@sakilacustomer.org,0,139.70999999999998,English,,129,00s
467,468,TIM CARY,TIM.CARY@sakilacustomer.org,0,175.61000000000004,English,,78,00s
468,469,WESLEY BULL,WESLEY.BULL@sakilacustomer.org,0,177.60000000000002,English,,388,00s
469,470,GORDON ALLARD,GORDON.ALLARD@sakilacustomer.org,0,160.67999999999998,English,,206,00s
470,471,DEAN SAUER,DEAN.SAUER@sakilacustomer.org,0,109.72999999999998,English,,244,00s
471,472,GREG ROBINS,GREG.ROBINS@sakilacustomer.org,0,141.69999999999996,English,,359,00s
472,473,JORGE OLIVARES,JORGE.OLIVARES@sakilacustomer.org,0,134.65999999999994,English,,301,00s
473,474,DUSTIN GILLETTE,DUSTIN.GILLETTE@sakilacustomer.org,0,100.73999999999997,English,,158,00s
474,475,PEDRO CHESTNUT,PEDRO.CHESTNUT@sakilacustomer.org,0,103.75999999999996,English,,385,00s
475,476,DERRICK BOURQUE,DERRICK.BOURQUE@sakilacustomer.org,0,95.77999999999999,English,,179,00s
476,477,DAN PAINE,DAN.PAINE@sakilacustomer.org,0,109.77999999999996,English,,500,00s
477,478,LEWIS LYMAN,LEWIS.LYMAN@sakilacustomer.org,0,86.81,English,,36,00s
478,479,ZACHARY HITE,ZACHARY.HITE@sakilacustomer.org,0,146.69,English,,11,00s
479,480,COREY HAUSER,COREY.HAUSER@sakilacustomer.org,0,101.77999999999997,English,,180,00s
480,481,HERMAN DEVORE,HERMAN.DEVORE@sakilacustomer.org,0,115.70999999999994,English,,347,00s
481,482,MAURICE CRAWLEY,MAURICE.CRAWLEY@sakilacustomer.org,0,138.70999999999998,English,,125,00s
482,483,VERNON CHAPA,VERNON.CHAPA@sakilacustomer.org,0,88.81999999999998,English,,142,00s
483,484,ROBERTO VU,ROBERTO.VU@sakilacustomer.org,0,139.7,English,,587,00s
484,485,CLYDE TOBIAS,CLYDE.TOBIAS@sakilacustomer.org,0,115.70999999999995,English,,469,00s
485,486,GLEN TALBERT,GLEN.TALBERT@sakilacustomer.org,0,113.73999999999995,English,,4,00s
486,487,HECTOR POINDEXTER,HECTOR.POINDEXTER@sakilacustomer.org,0,119.73999999999997,English,,408,00s
487,488,SHANE MILLARD,SHANE.MILLARD@sakilacustomer.org,0,95.77999999999997,English,,288,00s
488,489,RICARDO MEADOR,RICARDO.MEADOR@sakilacustomer.org,0,99.78999999999998,English,,376,00s
489,490,SAM MCDUFFIE,SAM.MCDUFFIE@sakilacustomer.org,0,117.75999999999996,English,,487,00s
490,491,RICK MATTOX,RICK.MATTOX@sakilacustomer.org,0,124.72999999999996,English,,337,00s
491,492,LESTER KRAUS,LESTER.KRAUS@sakilacustomer.org,0,65.84000000000002,English,,261,00s
492,493,BRENT HARKINS,BRENT.HARKINS@sakilacustomer.org,0,112.76999999999997,English,,504,00s
493,494,RAMON CHOATE,RAMON.CHOATE@sakilacustomer.org,0,140.68999999999997,English,,434,00s
494,495,CHARLIE BESS,CHARLIE.BESS@sakilacustomer.org,0,120.73999999999995,English,,47,00s
495,496,TYLER WREN,TYLER.WREN@sakilacustomer.org,0,88.78999999999999,English,,432,00s
496,497,GILBERT SLEDGE,GILBERT.SLEDGE@sakilacustomer.org,0,129.71999999999994,English,,589,00s
497,498,GENE SANBORN,GENE.SANBORN@sakilacustomer.org,0,97.72999999999999,English,,444,00s
498,499,MARC OUTLAW,MARC.OUTLAW@sakilacustomer.org,0,123.69999999999996,English,,93,00s
499,500,REGINALD KINDER,REGINALD.KINDER@sakilacustomer.org,0,115.71999999999994,English,,318,00s
500,501,RUBEN GEARY,RUBEN.GEARY@sakilacustomer.org,0,89.78999999999999,English,,314,00s
501,502,BRETT CORNWELL,BRETT.CORNWELL@sakilacustomer.org,0,138.65999999999997,English,,478,00s
502,503,ANGEL BARCLAY,ANGEL.BARCLAY@sakilacustomer.org,0,115.67999999999994,English,,552,00s
503,504,NATHANIEL ADAM,NATHANIEL.ADAM@sakilacustomer.org,0,133.71999999999997,English,,245,00s
504,505,RAFAEL ABNEY,RAFAEL.ABNEY@sakilacustomer.org,0,97.78999999999996,English,,519,00s
505,506,LESLIE SEWARD,LESLIE.SEWARD@sakilacustomer.org,0,152.64999999999995,English,,412,00s
506,507,EDGAR RHOADS,EDGAR.RHOADS@sakilacustomer.org,0,95.74999999999999,English,,163,00s
507,508,MILTON HOWLAND,MILTON.HOWLAND@sakilacustomer.org,0,127.74999999999996,English,,568,00s
508,509,RAUL FORTIER,RAUL.FORTIER@sakilacustomer.org,0,100.79999999999998,English,,110,00s
509,510,BEN EASTER,BEN.EASTER@sakilacustomer.org,0,122.73999999999995,English,,259,00s
510,511,CHESTER BENNER,CHESTER.BENNER@sakilacustomer.org,0,99.75999999999999,English,,502,00s
511,512,CECIL VINES,CECIL.VINES@sakilacustomer.org,0,115.73999999999995,English,,312,00s
512,513,DUANE TUBBS,DUANE.TUBBS@sakilacustomer.org,0,148.68999999999997,English,,583,00s
513,514,FRANKLIN TROUTMAN,FRANKLIN.TROUTMAN@sakilacustomer.org,0,74.78000000000002,English,,594,00s
514,515,ANDRE RAPP,ANDRE.RAPP@sakilacustomer.org,0,126.71999999999996,English,,127,00s
515,516,ELMER NOE,ELMER.NOE@sakilacustomer.org,0,98.73999999999997,English,,60,00s
516,517,BRAD MCCURDY,BRAD.MCCURDY@sakilacustomer.org,0,105.74999999999996,English,,116,00s
517,518,GABRIEL HARDER,GABRIEL.HARDER@sakilacustomer.org,0,111.73999999999997,English,,482,00s
518,519,RON DELUCA,RON.DELUCA@sakilacustomer.org,0,103.76999999999997,English,,224,00s
519,520,MITCHELL WESTMORELAND,MITCHELL.WESTMORELAND@sakilacustomer.org,0,134.67999999999992,English,,366,00s
520,521,ROLAND SOUTH,ROLAND.SOUTH@sakilacustomer.org,0,80.77,English,,588,00s
521,522,ARNOLD HAVENS,ARNOLD.HAVENS@sakilacustomer.org,0,167.67000000000002,English,,458,00s
522,523,HARVEY GUAJARDO,HARVEY.GUAJARDO@sakilacustomer.org,0,93.77999999999997,English,,571,00s
523,524,JARED ELY,JARED.ELY@sakilacustomer.org,0,87.80999999999997,English,,419,00s
524,525,ADRIAN CLARY,ADRIAN.CLARY@sakilacustomer.org,0,74.81,English,,551,00s
525,526,KARL SEAL,KARL.SEAL@sakilacustomer.org,0,221.5500000000001,English,,101,00s
526,527,CORY MEEHAN,CORY.MEEHAN@sakilacustomer.org,0,81.75999999999999,English,,339,00s
527,528,CLAUDE HERZOG,CLAUDE.HERZOG@sakilacustomer.org,0,111.74999999999996,English,,67,00s
528,529,ERIK GUILLEN,ERIK.GUILLEN@sakilacustomer.org,0,118.70999999999997,English,,75,00s
529,530,DARRYL ASHCRAFT,DARRYL.ASHCRAFT@sakilacustomer.org,0,76.77,English,,165,00s
530,531,JAMIE WAUGH,JAMIE.WAUGH@sakilacustomer.org,0,118.74999999999996,English,,287,00s
531,532,NEIL RENNER,NEIL.RENNER@sakilacustomer.org,0,152.68,English,,100,00s
532,533,JESSIE MILAM,JESSIE.MILAM@sakilacustomer.org,0,141.66999999999996,English,,80,00s
533,534,CHRISTIAN JUNG,CHRISTIAN.JUNG@sakilacustomer.org,0,88.75999999999999,English,,24,00s
534,535,JAVIER ELROD,JAVIER.ELROD@sakilacustomer.org,0,135.67999999999995,English,,363,00s
535,536,FERNANDO CHURCHILL,FERNANDO.CHURCHILL@sakilacustomer.org,0,117.74999999999996,English,,539,00s
536,537,CLINTON BUFORD,CLINTON.BUFORD@sakilacustomer.org,0,103.74999999999997,English,,42,00s
537,538,TED BREAUX,TED.BREAUX@sakilacustomer.org,0,117.70999999999997,English,,46,00s
538,539,MATHEW BOLIN,MATHEW.BOLIN@sakilacustomer.org,0,90.77999999999999,English,,561,00s
539,540,TYRONE ASHER,TYRONE.ASHER@sakilacustomer.org,0,112.75999999999998,English,,436,00s
540,541,DARREN WINDHAM,DARREN.WINDHAM@sakilacustomer.org,0,108.75999999999996,English,,309,00s
541,542,LONNIE TIRADO,LONNIE.TIRADO@sakilacustomer.org,0,94.81999999999996,English,,396,00s
542,543,LANCE PEMBERTON,LANCE.PEMBERTON@sakilacustomer.org,0,82.78,English,,68,00s
543,544,CODY NOLEN,CODY.NOLEN@sakilacustomer.org,0,98.77999999999997,English,,485,00s
544,545,JULIO NOLAND,JULIO.NOLAND@sakilacustomer.org,0,89.78999999999999,English,,275,00s
545,546,KELLY KNOTT,KELLY.KNOTT@sakilacustomer.org,0,107.73999999999997,English,,462,00s
546,547,KURT EMMONS,KURT.EMMONS@sakilacustomer.org,0,99.76999999999998,English,,260,00s
547,548,ALLAN CORNISH,ALLAN.CORNISH@sakilacustomer.org,0,79.81,English,,528,00s
548,549,NELSON CHRISTENSON,NELSON.CHRISTENSON@sakilacustomer.org,0,77.8,English,,459,00s
549,550,GUY BROWNLEE,GUY.BROWNLEE@sakilacustomer.org,0,159.68,English,,599,00s
550,551,CLAYTON BARBEE,CLAYTON.BARBEE@sakilacustomer.org,0,96.73999999999998,English,,21,00s
551,552,HUGH WALDROP,HUGH.WALDROP@sakilacustomer.org,0,90.78999999999999,English,,193,00s
552,553,MAX PITT,MAX.PITT@sakilacustomer.org,0,107.75999999999996,English,,368,00s
553,554,DWAYNE OLVERA,DWAYNE.OLVERA@sakilacustomer.org,0,101.77999999999997,English,,426,00s
554,555,DWIGHT LOMBARDI,DWIGHT.LOMBARDI@sakilacustomer.org,0,74.83000000000001,English,,112,00s
555,556,ARMANDO GRUBER,ARMANDO.GRUBER@sakilacustomer.org,0,83.78999999999999,English,,496,00s
556,557,FELIX GAFFNEY,FELIX.GAFFNEY@sakilacustomer.org,0,73.76,English,,570,00s
557,558,JIMMIE EGGLESTON,JIMMIE.EGGLESTON@sakilacustomer.org,0,135.71999999999997,English,,577,00s
558,559,EVERETT BANDA,EVERETT.BANDA@sakilacustomer.org,0,110.71999999999997,English,,79,00s
559,560,JORDAN ARCHULETA,JORDAN.ARCHULETA@sakilacustomer.org,0,132.69999999999996,English,,43,00s
560,561,IAN STILL,IAN.STILL@sakilacustomer.org,0,96.72999999999998,English,,178,00s
561,562,WALLACE SLONE,WALLACE.SLONE@sakilacustomer.org,0,109.74999999999996,English,,488,00s
562,563,KEN PREWITT,KEN.PREWITT@sakilacustomer.org,0,110.70999999999997,English,,95,00s
563,564,BOB PFEIFFER,BOB.PFEIFFER@sakilacustomer.org,0,91.75999999999998,English,,580,00s
564,565,JAIME NETTLES,JAIME.NETTLES@sakilacustomer.org,0,126.70999999999995,English,,214,00s
565,566,CASEY MENA,CASEY.MENA@sakilacustomer.org,0,141.65999999999997,English,,538,00s
566,567,ALFREDO MCADAMS,ALFREDO.MCADAMS@sakilacustomer.org,0,85.8,English,,466,00s
567,568,ALBERTO HENNING,ALBERTO.HENNING@sakilacustomer.org,0,66.79000000000002,English,,55,00s
568,569,DAVE GARDINER,DAVE.GARDINER@sakilacustomer.org,0,134.67999999999998,English,,299,00s
569,570,IVAN CROMWELL,IVAN.CROMWELL@sakilacustomer.org,0,99.73999999999997,English,,341,00s
570,571,JOHNNIE CHISHOLM,JOHNNIE.CHISHOLM@sakilacustomer.org,0,121.75999999999995,English,,409,00s
571,572,SIDNEY BURLESON,SIDNEY.BURLESON@sakilacustomer.org,0,108.74999999999996,English,,133,00s
572,573,BYRON BOX,BYRON.BOX@sakilacustomer.org,0,120.70999999999994,English,,598,00s
573,574,JULIAN VEST,JULIAN.VEST@sakilacustomer.org,0,109.71999999999997,English,,10,00s
574,575,ISAAC OGLESBY,ISAAC.OGLESBY@sakilacustomer.org,0,126.70999999999997,English,,131,00s
575,576,MORRIS MCCARTER,MORRIS.MCCARTER@sakilacustomer.org,0,139.65999999999997,English,,168,00s
576,577,CLIFTON MALCOLM,CLIFTON.MALCOLM@sakilacustomer.org,0,118.71999999999994,English,,526,00s
577,578,WILLARD LUMPKIN,WILLARD.LUMPKIN@sakilacustomer.org,0,96.77999999999999,English,,103,00s
578,579,DARYL LARUE,DARYL.LARUE@sakilacustomer.org,0,111.72999999999995,English,,344,00s
579,580,ROSS GREY,ROSS.GREY@sakilacustomer.org,0,99.72999999999998,English,,219,00s
580,581,VIRGIL WOFFORD,VIRGIL.WOFFORD@sakilacustomer.org,0,107.72999999999996,English,,246,00s
581,582,ANDY VANHORN,ANDY.VANHORN@sakilacustomer.org,0,113.74999999999996,English,,212,00s
582,583,MARSHALL THORN,MARSHALL.THORN@sakilacustomer.org,0,117.76999999999995,English,,494,00s
583,584,SALVADOR TEEL,SALVADOR.TEEL@sakilacustomer.org,0,129.69999999999996,English,,54,00s
584,585,PERRY SWAFFORD,PERRY.SWAFFORD@sakilacustomer.org,0,117.75999999999996,English,,424,00s
585,586,KIRK STCLAIR,KIRK.STCLAIR@sakilacustomer.org,0,64.81000000000002,English,,546,00s
586,587,SERGIO STANFIELD,SERGIO.STANFIELD@sakilacustomer.org,0,108.73999999999995,English,,106,00s
587,588,MARION OCAMPO,MARION.OCAMPO@sakilacustomer.org,0,115.70999999999995,English,,574,00s
588,589,TRACY HERRMANN,TRACY.HERRMANN@sakilacustomer.org,0,129.71999999999997,English,,311,00s
589,590,SETH HANNON,SETH.HANNON@sakilacustomer.org,0,112.74999999999996,English,,14,00s
590,591,KENT ARSENAULT,KENT.ARSENAULT@sakilacustomer.org,0,134.72999999999996,English,,248,00s
591,592,TERRANCE ROUSH,TERRANCE.ROUSH@sakilacustomer.org,0,111.70999999999995,English,,512,00s
592,593,RENE MCALISTER,RENE.MCALISTER@sakilacustomer.org,0,113.73999999999998,English,,177,00s
593,594,EDUARDO HIATT,EDUARDO.HIATT@sakilacustomer.org,0,130.72999999999996,English,,241,00s
594,595,TERRENCE GUNDERSON,TERRENCE.GUNDERSON@sakilacustomer.org,0,117.69999999999993,English,,242,00s
595,596,ENRIQUE FORSYTHE,ENRIQUE.FORSYTHE@sakilacustomer.org,0,96.71999999999997,English,,401,00s
596,597,FREDDIE DUGGAN,FREDDIE.DUGGAN@sakilacustomer.org,0,99.74999999999997,English,,503,00s
597,598,WADE DELVALLE,WADE.DELVALLE@sakilacustomer.org,0,83.78,English,,296,00s
598,599,AUSTIN CINTRON,AUSTIN.CINTRON@sakilacustomer.org,0,83.80999999999999,English,,537,00s
